iter	Logloss
0	0.6180918439
50	0.006204720349
100	0.003487544435
150	0.003235217508
200	0.003116315081
250	0.003027906833
300	0.002955770259
350	0.002896342309
400	0.002839141772
450	0.002789457265
499	0.002740733914
